2.4917,1.9539,-2.2569,1.6647,-2.257,-0.64412,-1.844
2.4899,2.01,-2.2366,1.6404,-2.243,-0.65409,-1.8359
2.4856,2.0607,-2.2058,1.6035,-2.2213,-0.66401,-1.8278
2.4703,2.1027,-2.1831,1.5786,-2.2063,-0.67386,-1.8197
2.4495,2.1355,-2.1612,1.5576,-2.1917,-0.68365,-1.8116
2.4259,2.1582,-2.1389,1.5356,-2.1745,-0.69339,-1.8035
2.3994,2.169,-2.1169,1.5184,-2.1564,-0.70305,-1.7954
2.3727,2.1649,-2.0967,1.5151,-2.1383,-0.71266,-1.7873
2.3449,2.1457,-2.0773,1.5218,-2.1197,-0.7222,-1.7792
2.3151,2.11,-2.0584,1.5404,-2.1012,-0.73168,-1.7711
2.284,2.0582,-2.0406,1.5673,-2.0824,-0.74109,-1.763
2.2524,1.9863,-2.0223,1.6051,-2.0612,-0.75043,-1.7549
2.2199,1.8988,-2.0043,1.6475,-2.0395,-0.75971,-1.7468
2.1874,1.7964,-1.9922,1.6872,-2.0185,-0.76892,-1.7387
2.1544,1.681,-1.982,1.7091,-1.998,-0.77806,-1.7306
2.119,1.5605,-1.9646,1.7631,-1.9795,-0.78713,-1.7225
2.0832,1.4321,-1.9454,1.8255,-1.962,-0.79613,-1.7145
2.0463,1.2875,-1.9315,1.8911,-1.9447,-0.80506,-1.7064
2.0098,1.1351,-1.9191,1.9584,-1.9278,-0.81392,-1.6983
1.9779,0.98209,-1.9039,2.0256,-1.9112,-0.8227,-1.6902
1.9479,0.82988,-1.8885,2.0897,-1.8948,-0.83141,-1.6821
1.9184,0.67744,-1.8746,2.1471,-1.8776,-0.84005,-1.674
1.8895,0.52908,-1.8613,2.1974,-1.8604,-0.84861,-1.6659
1.8605,0.39936,-1.8492,2.2335,-1.8433,-0.8571,-1.6578
1.8315,0.28008,-1.8373,2.2632,-1.8271,-0.8655,-1.6497
1.803,0.16348,-1.8234,2.2775,-1.8103,-0.87384,-1.6416
1.7746,0.053427,-1.8089,2.3068,-1.7947,-0.88209,-1.6336
1.7449,-0.047519,-1.7941,2.3153,-1.7855,-0.89026,-1.6255
1.7146,-0.14103,-1.779,2.3167,-1.7792,-0.89836,-1.6174
1.6843,-0.22657,-1.7652,2.3201,-1.7732,-0.90637,-1.6093
1.6539,-0.30623,-1.7517,2.32,-1.7681,-0.9143,-1.6012
1.6237,-0.37937,-1.7371,2.2964,-1.7641,-0.92215,-1.5932
1.5936,-0.44802,-1.7223,2.2652,-1.76,-0.92992,-1.5851
1.5634,-0.5197,-1.7079,2.2431,-1.7556,-0.93761,-1.577
1.5332,-0.58998,-1.6936,2.2235,-1.7504,-0.94521,-1.5689
1.5033,-0.65405,-1.679,2.2115,-1.7411,-0.95272,-1.5609
1.4735,-0.71473,-1.6645,2.2032,-1.7301,-0.96016,-1.5528
1.4438,-0.77264,-1.6497,2.1897,-1.7182,-0.9675,-1.5447
1.4142,-0.82837,-1.6349,2.1787,-1.7059,-0.97476,-1.5367
1.3846,-0.8835,-1.6208,2.1678,-1.6943,-0.98193,-1.5286
1.355,-0.93733,-1.607,2.1608,-1.683,-0.98901,-1.5206
1.3254,-0.99066,-1.5918,2.1805,-1.6748,-0.99601,-1.5125
1.2959,-1.0421,-1.5765,2.2095,-1.6673,-1.0029,-1.5044
1.2667,-1.0925,-1.5628,2.2311,-1.6572,-1.0097,-1.4964
1.2377,-1.14,-1.5497,2.2506,-1.6464,-1.0164,-1.4883
1.2087,-1.1808,-1.537,2.2658,-1.6355,-1.0231,-1.4803
1.1798,-1.2166,-1.5245,2.2774,-1.6246,-1.0296,-1.4723
1.1511,-1.248,-1.5108,2.285,-1.6147,-1.0361,-1.4642
1.1225,-1.2749,-1.497,2.2887,-1.6049,-1.0424,-1.4562
1.094,-1.2978,-1.4843,2.2878,-1.5953,-1.0487,-1.4481
1.0656,-1.3165,-1.4723,2.2831,-1.5855,-1.0548,-1.4401
1.0367,-1.3316,-1.4609,2.274,-1.5738,-1.0609,-1.4321
1.0078,-1.3429,-1.45,2.2617,-1.5613,-1.0669,-1.424
0.97874,-1.3501,-1.4401,2.2471,-1.5487,-1.0728,-1.416
0.94977,-1.3535,-1.4307,2.2296,-1.5358,-1.0785,-1.408
0.92114,-1.3533,-1.4223,2.2119,-1.5225,-1.0842,-1.4
0.89268,-1.3493,-1.4139,2.192,-1.5091,-1.0898,-1.392
0.86437,-1.3418,-1.4054,2.163,-1.4961,-1.0953,-1.384
0.83617,-1.3307,-1.3964,2.1303,-1.4835,-1.1007,-1.3759
0.80778,-1.3139,-1.3857,2.0981,-1.4712,-1.106,-1.3679
0.77941,-1.2932,-1.3741,2.065,-1.4589,-1.1112,-1.3599
0.75136,-1.2703,-1.3614,2.0359,-1.4476,-1.1163,-1.3519
0.72351,-1.245,-1.3482,2.0063,-1.4339,-1.1212,-1.3439
0.69559,-1.2169,-1.3352,1.9731,-1.4241,-1.1261,-1.336
0.66795,-1.1869,-1.3222,1.9186,-1.4147,-1.1309,-1.328
0.6404,-1.1553,-1.3108,1.8988,-1.4016,-1.1356,-1.32
0.61328,-1.123,-1.2999,1.8868,-1.3873,-1.1402,-1.312
0.58759,-1.0905,-1.2886,1.8661,-1.3737,-1.1446,-1.304
0.56269,-1.0581,-1.2776,1.8438,-1.3607,-1.149,-1.296
0.53828,-1.0277,-1.2664,1.8304,-1.3459,-1.1533,-1.2881
0.51435,-0.99834,-1.2553,1.8186,-1.3323,-1.1574,-1.2801
0.49057,-0.96884,-1.2465,1.7956,-1.3222,-1.1615,-1.2721
0.46708,-0.9396,-1.2381,1.769,-1.3131,-1.1654,-1.2642
0.44398,-0.9113,-1.2278,1.745,-1.3006,-1.1693,-1.2562
0.4212,-0.8834,-1.2171,1.7212,-1.2867,-1.173,-1.2483
0.3987,-0.85457,-1.2049,1.697,-1.2728,-1.1766,-1.2403
0.3765,-0.82562,-1.1923,1.6712,-1.2584,-1.1801,-1.2324
0.35448,-0.79755,-1.1829,1.6497,-1.2431,-1.1835,-1.2245
0.33271,-0.76989,-1.1742,1.6269,-1.2275,-1.1868,-1.2165
0.31139,-0.74195,-1.163,1.5891,-1.2126,-1.19,-1.2086
0.29032,-0.71456,-1.1509,1.5459,-1.1977,-1.1931,-1.2007
0.26956,-0.68715,-1.1398,1.5001,-1.183,-1.1961,-1.1927
0.24894,-0.6607,-1.1284,1.4534,-1.1683,-1.1989,-1.1848
0.22793,-0.63768,-1.116,1.4144,-1.1533,-1.2017,-1.1769
0.20686,-0.61707,-1.1029,1.3784,-1.1386,-1.2043,-1.169
0.18588,-0.59696,-1.0896,1.3432,-1.123,-1.2068,-1.1611
0.16503,-0.57865,-1.0758,1.3099,-1.1072,-1.2093,-1.1532
0.14453,-0.56521,-1.0605,1.2766,-1.096,-1.2116,-1.1453
0.12427,-0.55444,-1.0443,1.244,-1.0865,-1.2138,-1.1374
0.10419,-0.54463,-1.0277,1.2183,-1.0716,-1.2158,-1.1295
0.084311,-0.53632,-1.0106,1.1942,-1.0558,-1.2178,-1.1217
0.064556,-0.52823,-0.99271,1.1621,-1.0457,-1.2196,-1.1138
0.044979,-0.52064,-0.97458,1.1262,-1.0377,-1.2214,-1.1059
0.025731,-0.51707,-0.95588,1.0936,-1.0286,-1.223,-1.098
0.0067308,-0.51456,-0.93708,1.0605,-1.0192,-1.2245,-1.0902
-0.012211,-0.50749,-0.92151,1.013,-1.0131,-1.2259,-1.0823
-0.030884,-0.49925,-0.9068,0.96096,-1.0074,-1.2272,-1.0745
-0.049377,-0.4914,-0.88939,0.92061,-0.99462,-1.2284,-1.0666
-0.067507,-0.48344,-0.87123,0.88237,-0.97974,-1.2294,-1.0588
-0.084689,-0.47815,-0.85366,0.83956,-0.96657,-1.2304,-1.0509
-0.1013,-0.47314,-0.83625,0.79219,-0.95372,-1.2312,-1.0431
-0.11755,-0.46581,-0.81844,0.74686,-0.94304,-1.2319,-1.0353
-0.13341,-0.45768,-0.80095,0.69807,-0.93279,-1.2325,-1.0275
-0.14902,-0.4462,-0.7843,0.62197,-0.92173,-1.233,-1.0196
-0.16435,-0.43343,-0.7687,0.53338,-0.91036,-1.2333,-1.0118
-0.17933,-0.42609,-0.75451,0.46147,-0.8958,-1.2336,-1.004
-0.19405,-0.41983,-0.74184,0.38887,-0.88042,-1.2337,-0.99621
-0.20872,-0.40862,-0.7313,0.28991,-0.86821,-1.2337,-0.98842
-0.22321,-0.39566,-0.72254,0.18161,-0.85696,-1.2336,-0.98062
-0.23749,-0.38388,-0.71578,0.073429,-0.84563,-1.2334,-0.97284
-0.25155,-0.37205,-0.71061,-0.034517,-0.83454,-1.233,-0.96505
-0.26534,-0.35787,-0.70673,-0.13739,-0.82264,-1.2326,-0.95728
-0.27889,-0.34296,-0.70397,-0.2352,-0.81054,-1.232,-0.9495
-0.29225,-0.33069,-0.70218,-0.32478,-0.79993,-1.2313,-0.94174
-0.3054,-0.32007,-0.7011,-0.40691,-0.7901,-1.2305,-0.93398
-0.31833,-0.30533,-0.70056,-0.48056,-0.77767,-1.2295,-0.92622
-0.33107,-0.29522,-0.70018,-0.54672,-0.76525,-1.2285,-0.91847
-0.34358,-0.28562,-0.69997,-0.60373,-0.75748,-1.2273,-0.91073
-0.3559,3.2583,-0.69927,-0.65581,-0.75163,-1.2261,-0.90299
-0.36814,3.2653,-0.69773,-0.69904,-0.74606,-1.2247,-0.89525
-0.38021,3.278,-0.69606,-0.7391,-0.74044,-1.2231,-0.88753
-0.39215,3.2931,-0.68919,-0.79466,-0.73675,-1.2215,-0.8798
-0.40391,3.3096,-0.68239,-0.81347,-0.73277,-1.2198,-0.87208
-0.41531,3.3197,-0.68204,-0.85628,-0.72211,-1.2179,-0.86437
-0.42646,3.3278,-0.68542,-0.89584,-0.70865,-1.2159,-0.85667
-0.43752,3.3375,-0.69597,-0.93083,-0.69629,-1.2138,-0.84897
-0.44843,3.3474,-0.7085,-0.954,-0.68362,-1.2116,-0.84127
-0.45911,3.3563,-0.72491,-0.97101,-0.66822,-1.2092,-0.83358
-0.46967,3.3649,-0.7397,-0.94629,-0.65303,-1.2068,-0.8259
-0.48005,3.3773,-0.73985,-0.92969,-0.6384,-1.2042,-0.81822
-0.4904,3.3849,-0.73239,-0.90427,-0.62566,-1.2015,-0.81055
-0.50115,3.4015,-0.71754,-0.86689,-0.6213,-1.1987,-0.80288
-0.51203,-0.12335,-0.69806,-0.82266,-0.62098,-1.1958,-0.79522
-0.52289,-0.10777,-0.67619,-0.78035,-0.62184,-1.1927,-0.78756
-0.53375,-0.088321,-0.6529,-0.73385,-0.62427,-1.1896,-0.77991
-0.54445,-0.067742,-0.63332,-0.69204,-0.62739,-1.1863,-0.77227
-0.55507,-0.045712,-0.61468,-0.64511,-0.63061,-1.1829,-0.76463
-0.56564,-0.022764,-0.59646,-0.57298,-0.63528,-1.1794,-0.757
-0.57613,0.0013316,-0.57838,-0.48962,-0.63963,-1.1758,-0.74937
-0.58652,0.023515,-0.5586,-0.39065,-0.63835,-1.172,-0.74175
-0.59681,0.046324,-0.53856,-0.28721,-0.63452,-1.1682,-0.73414
-0.60697,0.073848,-0.51788,-0.19789,-0.63179,-1.1642,-0.72653
-0.61703,0.10409,-0.49672,-0.1145,-0.62905,-1.1601,-0.71893
-0.62706,0.13544,-0.48064,-0.046837,-0.62137,-1.1559,-0.71133
-0.63698,0.16914,-0.46654,0.012078,-0.61246,-1.1516,-0.70374
-0.64683,0.20499,-0.44222,0.085262,-0.61175,-1.1472,-0.69615
-0.65654,0.24368,-0.41617,0.15669,-0.614,-1.1426,-0.68857
-0.66589,0.28753,-0.40356,0.20621,-0.60945,-1.138,-0.681
-0.67502,0.33526,-0.39485,0.24445,-0.59945,-1.1332,-0.67343
-0.68399,0.38553,-0.38361,0.27371,-0.60939,-1.1283,-0.66587
-0.69281,0.43873,-0.37182,0.29481,-0.59866,-1.1233,-0.65832
-0.70157,0.49665,-0.35607,0.31341,-0.58622,-1.1182,-0.65077
-0.71023,0.55891,-0.33823,0.32519,-0.56859,-1.1129,-0.64323
-0.71877,0.61887,-0.32301,0.33209,-0.56815,-1.1076,-0.63569
-0.72719,0.68754,-0.30961,0.33091,-0.57194,-1.1021,-0.62816
-0.73545,0.75664,-0.28476,0.31138,-0.55549,-1.0966,-0.62064
-0.74358,0.82536,-0.26861,0.28117,-0.53414,-1.0909,-0.61312
-0.75164,0.88252,-0.25324,0.24126,-0.52913,-1.0851,-0.6056
-0.75961,0.93341,-0.24021,0.19632,-0.52863,-1.0792,-0.5981
-0.76741,0.98145,-0.23157,0.14944,-0.52239,-1.0732,-0.5906
-0.77513,1.0244,-0.2244,0.1039,-0.51521,-1.0671,-0.5831
-0.78273,1.062,-0.21116,0.066862,-0.5103,-1.0609,-0.57562
-0.79028,1.0941,-0.19618,0.032002,-0.50581,-1.0545,-0.56814
-0.79803,1.1169,-0.18266,0.018849,-0.50017,-1.0481,-0.56066
-0.80581,1.1335,-0.16948,0.0015005,-0.49393,-1.0415,-0.55319
-0.81357,1.147,-0.15622,-0.034071,-0.48781,-1.0349,-0.54573
-0.8213,1.1605,-0.14333,-0.074032,-0.48127,-1.0281,-0.53827
-0.82889,1.1623,-0.13167,-0.10103,-0.47284,-1.0212,-0.53082
-0.83641,1.1582,-0.12038,-0.12217,-0.46328,-1.0142,-0.52338
-0.84386,1.1502,-0.11072,-0.13253,-0.45427,-1.0072,-0.51594
-0.85124,1.1381,-0.10139,-0.13666,-0.44495,-0.99996,-0.50851
-0.85856,1.123,-0.088388,-0.14204,-0.4326,-0.99266,-0.50108
-0.86581,1.1047,-0.074994,-0.14585,-0.41951,-0.98526,-0.49366
-0.87294,1.0821,-0.061295,-0.14329,-0.40756,-0.97775,-0.48625
-0.87998,1.0566,-0.048451,-0.13707,-0.39612,-0.97015,-0.47884
-0.88698,1.0307,-0.04285,-0.13794,-0.38731,-0.96243,-0.47144
-0.89389,1.0025,-0.036884,-0.13783,-0.3799,-0.95462,-0.46405
-0.90072,0.97394,-0.037528,-0.12533,-0.36998,-0.9467,-0.45666
-0.90741,0.94327,-0.016077,-0.10639,-0.35925,-0.93868,-0.44928
-0.91379,0.90259,-0.0096567,-0.083382,-0.35527,-0.93057,-0.44191
-0.91997,0.85778,-0.0036616,-0.058841,-0.35248,-0.92235,-0.43454
-0.926,0.81449,0.003515,-0.02411,-0.33988,-0.91403,-0.42718
-0.93188,0.77092,0.010824,-0.0017697,-0.32405,-0.90562,-0.41982
-0.93771,0.72768,0.017538,0.028154,-0.31143,-0.8971,-0.41247
-0.94343,0.68519,0.023902,0.056809,-0.29893,-0.88849,-0.40513
-0.94903,0.64189,0.029409,0.086702,-0.28528,-0.87979,-0.39779
-0.95451,0.6001,0.034391,0.11562,-0.27102,-0.87098,-0.39046
-0.95986,0.56238,0.039592,0.13346,-0.25582,-0.86208,-0.38314
-0.96509,0.52904,0.044946,0.14581,-0.24025,-0.85309,-0.37582
-0.97024,0.49921,0.048471,0.16745,-0.22398,-0.844,-0.36851
-0.9753,0.47468,0.051978,0.18819,-0.20771,-0.83482,-0.36121
-0.98018,0.46086,0.058785,0.19251,-0.19319,-0.82555,-0.35391
-0.98497,0.45393,0.065979,0.18877,-0.17927,-0.81618,-0.34662
-0.98963,0.45365,0.076302,0.18446,-0.16618,-0.80673,-0.33933
-0.99424,0.458,0.084496,0.17611,-0.15332,-0.79718,-0.33205
-0.99899,0.46411,0.08711,0.15941,-0.13889,-0.78755,-0.32478
-1.0038,0.47168,0.086949,0.13863,-0.12406,-0.77782,-0.31752
-1.0085,0.48055,0.086593,0.11333,-0.10908,-0.76801,-0.31026
-1.0131,0.48953,0.085034,0.086107,-0.094238,-0.75811,-0.303
-1.0177,0.4948,0.084222,0.066046,-0.080537,-0.74813,-0.29576
-1.0222,0.49861,0.084271,0.0476,-0.067238,-0.73805,-0.28852
-1.0267,0.50118,0.076696,0.027307,-0.054923,-0.7279,-0.28128
-1.031,0.50285,0.072536,0.0061244,-0.042913,-0.71766,-0.27406
-1.035,0.50624,0.074389,-0.017685,-0.028953,-0.70733,-0.26684
-1.0389,0.50961,0.063262,-0.0415,-0.014867,-0.69693,-0.25962
-1.0427,0.51062,0.14069,-0.06936,-0.00091644,-0.68644,-0.25242
-1.0463,0.51445,0.067029,-0.096635,0.012303,-0.67587,-0.24522
-1.0498,0.50875,0.12883,-0.1105,0.021993,-0.66523,-0.23802
-1.0532,0.49936,0.1256,-0.11886,0.030207,-0.6545,-0.23083
-1.0564,0.48902,0.12137,-0.12851,0.037175,-0.6437,-0.22365
-1.0596,0.47647,0.11446,-0.13652,0.04373,-0.63282,-0.21648
-1.0629,0.46157,0.060572,-0.14347,0.052126,-0.62186,-0.20931
-1.0661,0.4443,0.056961,-0.14927,0.061545,-0.61083,-0.20215
-1.0694,0.42409,0.095438,-0.14989,0.071183,-0.59972,-0.19499
-1.0725,0.40134,0.087999,-0.14886,0.078413,-0.58854,-0.18784
-1.0753,0.37648,0.058488,-0.1514,0.095717,-0.57729,-0.1807
-1.078,0.34865,0.054722,-0.15441,0.094872,-0.56597,-0.17357
-1.0806,0.32011,0.044817,-0.15927,0.10248,-0.55457,-0.16644
-1.083,0.28846,0.034106,-0.16379,0.1089,-0.54311,-0.15932
-1.0855,0.24828,0.039284,-0.16302,0.11937,-0.53158,-0.1522
-1.088,0.20316,0.023792,-0.1602,0.13118,-0.51998,-0.14509
-1.0903,0.15381,0.0010069,-0.15451,0.13546,-0.50832,-0.13799
-1.0924,0.1011,-0.029727,-0.14778,0.13719,-0.49659,-0.13089
-1.0944,0.048523,-0.029926,-0.14539,0.15146,-0.48479,-0.1238
-1.0963,-0.0056339,-0.040025,-0.14312,0.16946,-0.47293,-0.11672
-1.0981,-0.063076,-0.053043,-0.14262,0.16898,-0.46101,-0.10964
-1.0996,-0.12293,-0.048111,-0.14162,0.1612,-0.44903,-0.10257
-1.1,-0.18352,-0.067549,-0.12789,0.18066,-0.43699,-0.095508
-1.0999,-0.24571,-0.090467,-0.10986,0.18534,-0.42489,-0.088452
-1.0995,-0.3121,-0.10377,-0.098963,0.19262,-0.41273,-0.081401
-1.0986,-0.38051,-0.11379,-0.089679,0.1978,-0.40051,-0.074357
-1.0977,-0.44912,-0.12405,-0.076744,0.20657,-0.38824,-0.06732
-1.0966,-0.51716,-0.1332,-0.063725,0.21513,-0.37591,-0.06029
-1.0952,-0.58732,-0.13936,-0.053083,0.22522,-0.36353,-0.053265
-1.0935,-0.65671,-0.14422,-0.04422,0.23634,-0.3511,-0.046248
-1.0917,-0.71503,-0.14971,-0.038611,0.23293,-0.33862,-0.039237
-1.0897,-0.76853,-0.1546,-0.035311,0.2261,-0.32608,-0.032232
-1.0875,-0.82682,-0.16107,-0.033604,0.24289,-0.3135,-0.025235
-1.0852,-0.88361,-0.167,-0.033678,0.26595,-0.30087,-0.018243
-1.0825,-0.93483,-0.16775,-0.035501,0.27509,-0.28819,-0.011259
-1.0797,-0.98143,-0.16609,-0.038085,0.27979,-0.27546,-0.0042803
-1.0767,-1.0209,-0.16375,-0.044393,0.2878,-0.2627,0.0026913
-1.0736,-1.0549,-0.16026,-0.051088,0.29464,-0.24988,0.0096564
-1.0709,-1.0843,-0.15623,-0.051221,0.29429,-0.23703,0.016615
-1.0682,-1.1099,-0.15137,-0.050347,0.29045,-0.22414,0.023567
-1.0654,-1.1296,-0.14549,-0.044578,0.28597,-0.2112,0.030512
-1.0626,-1.146,-0.13878,-0.039396,0.28012,-0.19823,0.037451
-1.0596,-1.1666,-0.13114,-0.04987,0.27212,-0.18522,0.044384
-1.0564,-1.1863,-0.12265,-0.065896,0.26329,-0.17218,0.051309
-1.0532,-1.2034,-0.11405,-0.084524,0.2544,-0.15909,0.058229
-1.0499,-1.2166,-0.10446,-0.10123,0.24579,-0.14598,0.065141
-1.0464,-1.2229,-0.094021,-0.11689,0.23942,-0.13283,0.072047
-1.0429,-1.2236,-0.082609,-0.12899,0.23429,-0.11966,0.078947
-1.0392,-1.2132,-0.06657,-0.10781,0.22975,-0.10645,0.08584
-1.0353,-1.1973,-0.048904,-0.077687,0.22611,-0.093216,0.092726
-1.0314,-1.1811,-0.034035,-0.064317,0.2234,-0.079954,0.099606
-1.0275,-1.1635,-0.019419,-0.057503,0.22156,-0.066665,0.10648
-1.0234,-1.1497,-0.0053732,-0.066057,0.22114,-0.053353,0.11335
-1.0191,-1.1362,0.0091723,-0.081459,0.22159,-0.040017,0.12021
-1.0143,-1.118,0.027083,-0.094389,0.22216,-0.026659,0.12706
-1.0091,-1.0979,0.046947,-0.10751,0.22297,-0.01328,0.13391
-1.0037,-1.0777,0.067635,-0.1184,0.22457,0.00011775,0.14075
-0.99817,-1.0567,0.089744,-0.12829,0.22638,0.013534,0.14758
-0.99243,-1.034,0.11395,-0.13734,0.22708,0.026966,0.15441
-0.98655,-1.0105,0.13988,-0.14602,0.22749,0.040414,0.16123
-0.98047,-0.98594,0.16707,-0.15388,0.22806,0.053876,0.16805
-0.97429,-0.96135,0.1956,-0.16199,0.22874,0.06735,0.17485
-0.9683,-0.93825,0.22626,-0.172,0.22981,0.080836,0.18166
-0.96234,-0.91645,0.25802,-0.18361,0.23121,0.094332,0.18845
-0.95626,-0.89593,0.29046,-0.19648,0.23274,0.10784,0.19524
-0.95012,-0.87709,0.32317,-0.20584,0.23456,0.12135,0.20202
-0.94392,-0.86117,0.35473,-0.23117,0.23713,0.13486,0.2088
-0.93761,-0.84674,0.3857,-0.23114,0.24018,0.14839,0.21557
-0.93129,-0.83584,0.41644,-0.23624,0.24335,0.16191,0.22233
-0.92485,-0.82657,0.44688,-0.23851,0.24685,0.17544,0.22909
-0.91797,-0.81109,0.47579,-0.2444,0.25085,0.18896,0.23584
-0.9109,-0.79489,0.50372,-0.25096,0.25503,0.20249,0.24258
-0.90363,-0.78447,0.53413,-0.26464,0.26026,0.21601,0.24932
-0.89626,-0.7768,0.56437,-0.28254,0.26568,0.22953,0.25605
-0.88909,-0.77075,0.58977,-0.2853,0.269,0.24304,0.26277
-0.88191,-0.76646,0.61338,-0.28661,0.27207,0.25655,0.26949
-0.87474,-0.76476,0.63578,-0.31672,0.27491,0.27005,0.2762
-0.86752,-0.76443,0.6575,-0.35662,0.27828,0.28354,0.2829
-0.85986,-0.76429,0.68192,-0.38548,0.28561,0.29701,0.2896
-0.85201,-0.76449,0.70701,-0.4128,0.29491,0.31048,0.29629
-0.84433,-0.7639,0.73032,-0.44612,0.3035,0.32393,0.30298
-0.83665,-0.76311,0.75252,-0.48067,0.31251,0.33736,0.30965
-0.82873,-0.76291,0.77698,-0.51095,0.32491,0.35078,0.31633
-0.82092,-0.76279,0.8008,-0.53963,0.33793,0.36418,0.32299
-0.81301,-0.76233,0.81833,-0.5687,0.34947,0.37756,0.32965
-0.80536,-0.76171,0.83287,-0.59701,0.35996,0.39092,0.3363
-0.79905,-0.76073,0.84651,-0.6237,0.36651,0.40425,0.34295
-0.79338,-0.75924,0.85823,-0.6484,0.37118,0.41757,0.34959
-0.78804,-0.75855,0.8697,-0.67361,0.37674,0.43085,0.35622
-0.78302,-0.75813,0.87993,-0.69777,0.37989,0.44411,0.36285
-0.77793,-0.7529,0.88419,-0.71164,0.38625,0.45734,0.36947
-0.77294,-0.74715,0.88587,-0.72175,0.37571,0.47054,0.37609
-0.76816,-0.74693,0.89072,-0.74001,0.37972,0.48371,0.38269
-0.76351,-0.74863,0.89536,-0.75848,0.38611,0.49684,0.38929
-0.75899,-0.75413,0.89747,-0.77358,0.39556,0.50994,0.39589
-0.75459,-0.76049,0.89782,-0.78524,0.40648,0.52301,0.40248
-0.75015,-0.76204,0.896,-0.7877,0.4209,0.53603,0.40906
-0.74578,-0.76166,0.89237,-0.78481,0.43586,0.54902,0.41564
-0.74168,-0.75919,0.88675,-0.7782,0.44484,0.56197,0.42221
-0.73761,-0.75569,0.87942,-0.76897,0.45226,0.57487,0.42877
-0.73367,-0.75256,0.87139,-0.75692,0.45639,0.58773,0.43533
-0.72965,-0.74983,0.8622,-0.74377,0.45894,0.60055,0.44188
-0.72488,-0.74789,0.85059,-0.73493,0.4728,0.61332,0.44842
-0.71978,-0.74669,0.83759,-0.72855,0.48961,0.62604,0.45496
-0.71454,-0.7483,0.8244,-0.71891,0.49145,0.63871,0.46149
-0.70918,-0.75145,0.81067,-0.71505,0.48939,0.65133,0.46801
-0.70398,-0.75249,0.79614,-0.71121,0.49826,0.6639,0.47453
-0.69879,-0.75416,0.78112,-0.70978,0.50966,0.67642,0.48105
-0.69355,-0.75931,0.76624,-0.70703,0.51721,0.68887,0.48755
-0.68829,-0.76674,0.75111,-0.7048,0.52371,0.70127,0.49405
-0.68294,-0.77698,0.73576,-0.71321,0.52904,0.71362,0.50054
-0.67754,-0.78878,0.71996,-0.72624,0.53351,0.7259,0.50703
-0.67227,-0.80349,0.7035,-0.72546,0.53871,0.73812,0.51351
-0.66702,-0.81896,0.68652,-0.72355,0.54356,0.75028,0.51999
-0.66156,-0.83056,0.66802,-0.73973,0.5469,0.76237,0.52645
-0.65614,-0.841,0.64848,-0.75446,0.55001,0.7744,0.53292
-0.65066,-0.85009,0.63078,-0.78977,0.55038,0.78635,0.53937
-0.64534,-0.85881,0.61297,-0.76445,0.55064,0.79824,0.54582
-0.64087,-0.87046,0.59052,-0.78906,0.55731,0.81006,0.55226
-0.63682,-0.88343,0.56637,-0.81774,0.56596,0.82181,0.5587
-0.63288,-0.89522,0.5439,-0.83848,0.57507,0.83348,0.56513
-0.62911,-0.90717,0.5218,-0.8579,0.58398,0.84508,0.57156
-0.62547,-0.92294,0.49809,-0.88122,0.58935,0.8566,0.57797
-0.62189,-0.93987,0.4738,-0.9062,0.59305,0.86804,0.58439
-0.61847,-0.95429,0.45338,-0.93151,0.59477,0.8794,0.59079
-0.61505,-0.96779,0.43495,-0.95806,0.59444,0.89069,0.59719
-0.61116,-0.98215,0.40841,-0.98689,0.59714,0.90188,0.60358
-0.60708,-0.99611,0.38189,-1.0172,0.59984,0.913,0.60997
-0.60301,-1.0077,0.36803,-1.0498,0.59101,0.92403,0.61635
-0.59889,-1.0176,0.35827,-1.0838,0.57926,0.93497,0.62273
-0.59471,-1.0281,0.35614,-1.117,0.57602,0.94582,0.62909
-0.59055,-1.0369,0.35471,-1.1498,0.5756,0.95658,0.63546
-0.58625,-1.0413,0.34029,-1.1863,0.57618,0.96725,0.64181
-0.58198,-1.0414,0.3201,-1.2198,0.57884,0.97783,0.64816
-0.57818,-1.0393,0.29157,-1.2549,0.5794,0.98832,0.65451
-0.57452,-1.0333,0.26134,-1.2831,0.57575,0.9987,0.66084
-0.57098,-1.0148,0.22964,-1.2845,0.59436,1.009,0.66717
-0.56745,-0.99009,0.1991,-1.2695,0.59124,1.0192,0.6735
-0.56348,-0.96722,0.19449,-1.2419,0.58445,1.0293,0.67982
-0.55937,-0.94316,0.19732,-1.2046,0.57255,1.0393,0.68613
-0.55511,-0.91514,0.1855,-1.1481,0.57614,1.0491,0.69244
-0.55077,-0.88553,0.16475,-1.0831,0.58369,1.0589,0.69874
-0.5469,-0.85777,0.15079,-1.0394,0.58379,1.0686,0.70503
-0.54314,-0.8296,0.13474,-0.99656,0.58304,1.0782,0.71132
-0.539,-0.80258,0.11432,-0.94628,0.58342,1.0876,0.7176
-0.53469,-0.77522,0.088947,-0.89838,0.58581,1.097,0.72388
-0.53059,-0.74038,0.052519,-0.79661,0.59291,1.1062,0.73015
-0.5262,-0.7045,0.0076783,-0.72714,0.59884,1.1153,0.73641
-0.5218,-0.66967,-0.038474,-0.66902,0.62257,1.1243,0.74267
-0.51687,-0.64083,-0.090708,-0.62573,0.63776,1.1332,0.74892
-0.50987,-0.61537,-0.16007,-0.58474,0.62644,1.142,0.75517
-0.50179,-0.59341,-0.23861,-0.55066,0.64075,1.1506,0.76141
-0.49312,-0.57399,-0.32062,-0.53116,0.66194,1.1592,0.76764
-0.48386,-0.55668,-0.4051,-0.51942,0.6925,1.1676,0.77387
-0.47446,-0.54136,-0.49606,-0.50596,0.70292,1.1759,0.78009
-0.46474,-0.52748,-0.58233,-0.495,0.72536,1.184,0.78631
-0.45456,-0.51231,-0.66588,-0.4871,0.74274,1.1921,0.79251
-0.44405,-0.49797,-0.73411,-0.48224,0.75957,1.2,0.79872
-0.43344,-0.48486,-0.7625,-0.48191,0.77051,1.2077,0.80492
-0.42261,-0.47353,-0.76271,-0.48455,0.77832,1.2154,0.81111
-0.41163,-0.46714,-0.72296,-0.49054,0.78298,1.2229,0.81729
-0.40045,-0.46353,-0.65797,-0.49843,0.78541,1.2303,0.82347
-0.38879,-0.46143,-0.58001,-0.50566,0.78701,1.2375,0.82964
-0.3769,-0.46043,-0.49117,-0.51296,0.78787,1.2447,0.83581
-0.36475,-0.46131,-0.39661,-0.52034,0.78752,1.2516,0.84197
-0.3525,-0.46253,-0.29991,-0.52914,0.78706,1.2585,0.84813
-0.34075,-0.46062,-0.20935,-0.53323,0.78857,1.2652,0.85428
-0.32914,-0.45864,-0.12274,-0.53786,0.79123,1.2717,0.86042
-0.31745,-0.45279,-0.047615,-0.55841,0.79498,1.2782,0.86656
-0.3057,-0.45556,0.021544,-0.57654,0.79967,1.2844,0.87269
-0.29381,-0.45077,0.090815,-0.6092,0.80587,1.2906,0.87881
-0.28177,-0.44555,0.15713,-0.59286,0.81297,1.2966,0.88493
-0.26969,-0.44441,0.22215,-0.59727,0.81976,1.3024,0.89105
-0.25745,-0.44443,0.28399,-0.59509,0.82683,1.3081,0.89716
-0.24486,-0.44267,0.33771,-0.61796,0.83464,1.3136,0.90326
-0.23204,-0.44017,0.38649,-0.61694,0.84287,1.319,0.90935
-0.21904,-0.43812,0.43203,-0.62458,0.85166,1.3242,0.91544
-0.20589,-0.43556,0.47409,-0.62897,0.86079,1.3293,0.92153
-0.19269,-0.43037,0.51442,-0.6316,0.86956,1.3343,0.92761
-0.17937,-0.42427,0.55236,-0.63354,0.87855,1.339,0.93368
-0.16591,-0.41708,0.58566,-0.62847,0.8876,1.3436,0.93974
-0.1523,-0.40952,0.61615,-0.62232,0.89709,1.3481,0.94581
-0.13852,-0.40539,0.64705,-0.63085,0.90828,1.3524,0.95186
-0.12457,-0.40224,0.67664,-0.64452,0.92031,1.3565,0.95791
-0.11061,-0.39687,0.7035,-0.65271,0.93279,1.3605,0.96395
-0.096526,-0.39083,0.72838,-0.66053,0.94553,1.3643,0.96999
-0.082003,-0.38593,0.75144,-0.67276,0.95838,1.368,0.97602
-0.067325,-0.38096,0.77284,-0.6868,0.97082,1.3715,0.98205
-0.052415,-0.37474,0.79261,-0.69826,0.98311,1.3748,0.98807
-0.037452,-0.36751,0.81101,-0.70902,0.99469,1.378,0.99408
-0.023137,-0.36005,0.82833,-0.72604,1.0027,1.3809,1.0001
-0.0090321,-0.35138,0.84451,-0.74434,1.0093,1.3838,1.0061
0.0053209,-0.34033,0.86025,-0.7535,1.016,1.3864,1.0121
0.019739,-0.32747,0.87508,-0.75977,1.0225,1.3889,1.0181
0.033994,-0.31146,0.88814,-0.77039,1.0306,1.3912,1.0241
0.048439,-0.29359,0.90049,-0.78175,1.0392,1.3933,1.03
0.062767,-0.27591,0.91089,-0.79021,1.0463,1.3953,1.036
0.077441,-0.25738,0.92082,-0.79765,1.0528,1.3971,1.042
0.093779,-0.23801,0.93479,-0.80748,1.0616,1.3987,1.0479
0.11088,-0.21752,0.94954,-0.81716,1.07,1.4001,1.0539
0.12852,-0.1951,0.96378,-0.82419,1.076,1.4013,1.0599
0.1465,-0.17139,0.97756,-0.82973,1.0808,1.4024,1.0658
0.16396,-0.14589,0.98659,-0.83245,1.0794,1.4033,1.0717
0.18143,-0.11901,0.99412,-0.8342,1.0764,1.404,1.0777
0.19897,-0.093276,1.0038,-0.8355,1.0809,1.4045,1.0836
0.21666,-0.067172,1.0141,-0.83602,1.0876,1.4049,1.0895
0.23525,-0.036817,1.0253,-0.84301,1.0934,1.4051,1.0954
0.25426,-0.0052021,1.0392,-0.85025,1.0996,1.405,1.1013
0.27283,0.025264,1.047,-0.84826,1.1034,1.4048,1.1073
0.29137,0.055091,1.0702,-0.84467,1.1058,1.4044,1.1131
0.31069,0.083191,1.0855,-0.83129,1.115,1.4038,1.119
0.32983,0.11119,1.1014,-0.81638,1.1216,1.4031,1.1249
0.34922,0.13549,1.1147,-0.82981,1.1245,1.4021,1.1308
0.36797,0.16398,1.1297,-0.85118,1.0795,1.401,1.1367
0.38322,0.19208,1.1407,-0.85861,1.1027,1.3996,1.1426
0.39679,0.22085,1.1695,-0.86052,1.0952,1.3981,1.1484
0.40975,0.2494,1.1844,-0.86307,1.1225,1.3964,1.1543
0.42198,0.27764,1.1986,-0.86337,1.1265,1.3945,1.1601
0.43393,0.30505,1.2239,-0.84639,1.138,1.3924,1.166
0.44563,0.33084,1.2519,-0.82493,1.1464,1.3901,1.1718
0.45671,0.35728,1.2697,-0.81393,1.1564,1.3876,1.1777
0.46765,0.38418,1.2842,-0.80541,1.1652,1.3849,1.1835
0.47964,0.39671,1.3002,-0.80834,1.1689,1.382,1.1893
0.492,0.41467,1.3158,-0.80619,1.171,1.3789,1.1951
0.50431,0.43578,1.3313,-0.80447,1.1696,1.3756,1.201
0.51668,0.45834,1.3463,-0.7992,1.1686,1.3722,1.2068
0.52895,0.47118,1.36,-0.81117,1.1758,1.3685,1.2126
0.54114,0.48139,1.3729,-0.83065,1.1808,1.3646,1.2184
0.55352,0.495,1.3849,-0.794,1.2071,1.3605,1.2242
0.56585,0.50964,1.3963,-0.79222,1.2109,1.3563,1.23
0.57761,0.52583,1.4089,-0.76652,1.1977,1.3518,1.2357
0.58922,0.54287,1.4217,-0.74219,1.2054,1.3471,1.2415
0.6007,0.56069,1.432,-0.72467,1.2083,1.3422,1.2473
0.61224,0.57881,1.438,-0.7107,1.2139,1.3372,1.2531
0.62446,0.59616,1.4538,-0.70598,1.2157,1.3319,1.2588
0.63696,0.61308,1.4463,-0.70461,1.2171,1.3264,1.2646
0.64977,0.62962,1.4517,-0.69608,1.218,1.3207,1.2703
0.66277,0.6457,1.4539,-0.68569,1.2162,1.3148,1.2761
0.67523,0.661,1.4703,-0.67568,1.2257,1.3087,1.2818
0.68763,0.67567,1.4705,-0.6653,1.2167,1.3024,1.2875
0.70077,0.69014,1.4723,-0.65572,1.2199,1.2959,1.2933
0.7143,0.70402,1.4713,-0.646,1.2228,1.2892,1.299
0.72748,0.71716,1.4923,-0.63519,1.219,1.2823,1.3047
0.74119,0.72953,1.4961,-0.62357,1.2144,1.2751,1.3104
0.75509,0.74038,1.5297,-0.6111,1.2118,1.2678,1.3161
0.76996,0.7504,1.5125,-0.59776,1.2103,1.2603,1.3218
0.78834,0.75974,1.5232,-0.58335,1.2226,1.2525,1.3275
0.80866,0.76868,1.5341,-0.56817,1.2367,1.2446,1.3332
0.82978,0.77822,1.5287,-0.55163,1.243,1.2364,1.3389
0.85201,0.78793,1.535,-0.53502,1.2513,1.228,1.3446
0.8754,0.79708,1.5398,-0.5179,1.224,1.2195,1.3502
0.89953,0.80641,1.5429,-0.50108,1.226,1.2107,1.3559
0.92482,0.81621,1.5427,-0.4902,1.2283,1.2017,1.3616
0.95065,0.82659,1.5407,-0.48205,1.2369,1.1925,1.3672
0.97505,0.83888,1.5394,-0.46826,1.2368,1.1831,1.3729
0.99919,0.8521,1.5372,-0.45469,1.2352,1.1734,1.3785
1.0242,0.8655,1.5348,-0.44934,1.2374,1.1636,1.3842
1.0497,0.87919,1.5318,-0.44788,1.2405,1.1536,1.3898
1.075,0.89313,1.5228,-0.44858,1.2418,1.1433,1.3954
1.101,0.90691,1.5117,-0.4518,1.2427,1.1329,1.401
1.1271,0.921,1.5071,-0.45546,1.2439,1.1222,1.4067
1.1542,0.93467,1.5041,-0.46083,1.2451,1.1113,1.4123
1.1852,0.94594,1.4972,-0.4703,1.2465,1.1002,1.4179
1.2183,0.95603,1.49,-0.48179,1.248,1.0889,1.4235
1.2522,0.96563,1.4847,-0.49539,1.2496,1.0774,1.4291
1.2871,0.9748,1.4804,-0.50986,1.2513,1.0657,1.4347
1.3225,0.98338,1.4803,-0.522,1.2514,1.0538,1.4403
1.3584,0.99144,1.4814,-0.53411,1.2503,1.0417,1.4459
1.395,1.0014,1.4816,-0.54415,1.2526,1.0293,1.4514
1.4318,1.0115,1.4812,-0.5547,1.2513,1.0168,1.457
1.4672,1.018,1.4762,-0.57193,1.2509,1.004,1.4626
1.5022,1.0232,1.4687,-0.59215,1.2504,0.99103,1.4681
1.5371,1.0287,1.4644,-0.61374,1.2512,0.97785,1.4737
1.5719,1.0339,1.4576,-0.6369,1.2533,0.96446,1.4792
1.6069,1.0401,1.4482,-0.65941,1.2562,0.95086,1.4848
1.642,1.0467,1.4295,-0.68377,1.2602,0.93705,1.4903
1.6767,1.0501,1.4043,-0.70806,1.2681,0.92304,1.4959
1.7112,1.0533,1.4044,-0.73423,1.2787,0.90882,1.5014
1.746,1.062,1.394,-0.77369,1.2844,0.89439,1.5069
1.7804,1.0722,1.3992,-0.81724,1.2904,0.87976,1.5124
1.8154,1.0834,1.3872,-0.85672,1.3103,0.86491,1.518
1.85,1.0911,1.3738,-0.89418,1.3294,0.84986,1.5235
1.882,1.1015,1.3682,-0.92651,1.3557,0.83461,1.529
1.9131,1.1103,1.3652,-0.95508,1.3468,0.81915,1.5345
1.9431,1.1135,1.3652,-0.98127,1.3548,0.80348,1.54
1.9727,1.1132,1.3659,-1.0044,1.3609,0.78761,1.5455
2.0063,1.1077,1.3625,-1.0223,1.3642,0.77153,1.551
2.0412,1.0985,1.357,-1.0373,1.367,0.75525,1.5564
2.074,1.0904,1.3472,-1.0491,1.3713,0.73876,1.5619
2.1061,1.08,1.3355,-1.0591,1.3765,0.72207,1.5674
2.1396,1.0652,1.3231,-1.0726,1.3875,0.70518,1.5728
2.1716,1.0472,1.3115,-1.0858,1.4013,0.68808,1.5783
2.204,1.0223,1.2986,-1.0988,1.4092,0.67078,1.5838
2.2334,0.99743,1.2849,-1.1105,1.4143,0.65328,1.5892
2.2502,0.96666,1.2878,-1.1126,1.4332,0.63558,1.5946
2.2608,0.94125,1.2784,-1.1104,1.453,0.61768,1.6001
