2.2504,2.1309,-1.6485,-2.4858,-1.9033,0.25247,-1.844
2.2491,1.521,-1.6381,-2.4012,-1.9011,0.25176,-1.8359
2.247,1.5434,-1.6214,-2.3036,-1.8969,0.2511,-1.8278
2.2415,1.6312,-1.6097,-2.2148,-1.8909,0.25048,-1.8197
2.2342,1.9281,-1.5982,-2.1258,-1.8834,0.24988,-1.8116
2.2263,1.717,-1.5827,-2.024,-1.875,0.24932,-1.8035
2.2176,1.4127,-1.5661,-1.9214,-1.8658,0.24878,-1.7954
2.2083,1.4136,-1.5541,-1.8248,-1.856,0.24826,-1.7873
2.1986,1.4818,-1.5428,-1.7338,-1.8451,0.24775,-1.7792
2.1881,1.4947,-1.5304,-1.667,-1.8348,0.24725,-1.7711
2.1775,1.5501,-1.5169,-1.6108,-1.8239,0.24676,-1.763
2.1683,1.2966,-1.4984,-1.5492,-1.8081,0.24626,-1.7549
2.1596,1.3556,-1.4775,-1.4899,-1.7906,0.24576,-1.7468
2.151,1.3682,-1.4566,-1.4316,-1.7742,0.24524,-1.7387
2.1424,1.4052,-1.4351,-1.3764,-1.7582,0.2447,-1.7306
2.1331,1.1829,-1.4117,-1.3316,-1.7418,0.24414,-1.7225
2.1235,0.91345,-1.3876,-1.2935,-1.7262,0.24354,-1.7145
2.1138,0.6301,-1.3661,-1.2544,-1.7135,0.2429,-1.7064
2.104,0.38525,-1.345,-1.2195,-1.7027,0.24221,-1.6983
2.0945,0.49732,-1.3233,-1.1965,-1.6936,0.24147,-1.6902
2.0851,0.87666,-1.3017,-1.1806,-1.6862,0.24066,-1.6821
2.0753,0.92331,-1.2769,-1.1702,-1.6801,0.23978,-1.674
2.0654,0.70624,-1.2518,-1.1653,-1.6754,0.23882,-1.6659
2.0559,0.78247,-1.2314,-1.163,-1.6726,0.23778,-1.6578
2.0461,0.90229,-1.2131,-1.1643,-1.6708,0.23664,-1.6497
2.0364,0.98332,-1.1948,-1.1724,-1.6693,0.2354,-1.6416
2.0264,1.0599,-1.1774,-1.1843,-1.6682,0.23404,-1.6336
2.0144,1.1309,-1.1621,-1.1948,-1.6647,0.23256,-1.6255
2.0015,1.1924,-1.147,-1.206,-1.6604,0.23095,-1.6174
1.9884,1.2796,-1.1344,-1.2203,-1.6619,0.2292,-1.6093
1.9749,1.3356,-1.1211,-1.2361,-1.6645,0.2273,-1.6012
1.961,1.3832,-1.0991,-1.2489,-1.6613,0.22525,-1.5932
1.947,1.1579,-1.074,-1.2627,-1.6559,0.22303,-1.5851
1.9326,1.1958,-1.0462,-1.277,-1.6507,0.22063,-1.577
1.9181,1.2614,-1.0178,-1.2939,-1.645,0.21805,-1.5689
1.9051,1.3164,-0.99559,-1.3226,-1.6379,0.21527,-1.5609
1.8927,1.3496,-0.976,-1.358,-1.6304,0.2123,-1.5528
1.8804,1.3716,-0.9582,-1.3919,-1.6243,0.2091,-1.5447
1.8683,1.4263,-0.94189,-1.4287,-1.6188,0.20569,-1.5367
1.8559,1.1628,-0.92528,-1.4766,-1.6125,0.20204,-1.5286
1.8434,1.1959,-0.90949,-1.5269,-1.6066,0.19816,-1.5206
1.8309,1.1708,-0.89414,-1.5818,-1.6011,0.19402,-1.5125
1.8185,1.2216,-0.88019,-1.6331,-1.5961,0.18963,-1.5044
1.8058,1.2351,-0.86848,-1.6662,-1.594,0.18497,-1.4964
1.793,1.528,-0.85948,-1.6882,-1.5933,0.18003,-1.4883
1.78,1.4796,-0.85316,-1.6893,-1.5906,0.17481,-1.4803
1.767,1.1748,-0.84996,-1.6803,-1.5869,0.1693,-1.4723
1.754,1.1117,-0.85346,-1.6754,-1.5874,0.16349,-1.4642
1.7409,1.1168,-0.85938,-1.6701,-1.5887,0.15736,-1.4562
1.7277,1.1038,-0.87036,-1.6639,-1.579,0.15092,-1.4481
1.7144,1.347,-0.87631,-1.6592,-1.5665,0.14415,-1.4401
1.7004,1.3768,-0.88278,-1.6554,-1.5622,0.13705,-1.4321
1.6861,1.36,-0.88924,-1.6545,-1.5605,0.12961,-1.424
1.6715,1.6048,-0.88947,-1.664,-1.557,0.12183,-1.416
1.6568,1.9377,-0.89657,-1.6788,-1.5542,0.11369,-1.408
1.6422,1.6031,-0.9014,-1.6968,-1.5527,0.10519,-1.4
1.6277,1.5792,-0.90674,-1.717,-1.552,0.096321,-1.392
1.6131,1.519,-0.91085,-1.7393,-1.556,0.087082,-1.384
1.5983,1.5168,-0.91442,-1.7617,-1.5614,0.077466,-1.3759
1.5828,1.4783,-0.91773,-1.7784,-1.5613,0.067466,-1.3679
1.5668,1.4399,-0.92072,-1.7914,-1.5596,0.057078,-1.3599
1.5509,1.4263,-0.92265,-1.8036,-1.5599,0.046298,-1.3519
1.5349,1.4182,-0.9242,-1.8131,-1.5603,0.035121,-1.3439
1.5189,1.3808,-0.92644,-1.8147,-1.5599,0.023543,-1.336
1.5029,1.3437,-0.92843,-1.8123,-1.5584,0.011562,-1.328
1.4869,1.2891,-0.93135,-1.8078,-1.5565,-0.00082577,-1.32
1.4711,1.2648,-0.93388,-1.8015,-1.5532,-0.013623,-1.312
1.4564,1.2797,-0.93245,-1.7958,-1.5463,-0.026832,-1.304
1.4421,1.5561,-0.92928,-1.7902,-1.5374,-0.040453,-1.296
1.4283,1.5549,-0.92628,-1.7841,-1.5266,-0.05449,-1.2881
1.4148,1.848,-0.92285,-1.7784,-1.5143,-0.068941,-1.2801
1.4013,2.1241,-0.91832,-1.7742,-1.502,-0.083808,-1.2721
1.3881,2.1026,-0.91334,-1.7715,-1.4885,-0.09909,-1.2642
1.375,2.122,-0.90934,-1.7708,-1.4736,-0.11479,-1.2562
1.3624,2.0822,-0.90551,-1.7692,-1.4568,-0.1309,-1.2483
1.3506,2.0861,-0.90118,-1.7761,-1.4376,-0.14742,-1.2403
1.3393,2.0554,-0.89683,-1.7833,-1.4161,-0.16435,-1.2324
1.3285,2.0171,-0.89178,-1.7641,-1.3897,-0.1817,-1.2245
1.318,1.7193,-0.88649,-1.7369,-1.3609,-0.19944,-1.2165
1.3074,1.666,-0.88355,-1.7198,-1.3316,-0.21759,-1.2086
1.2969,1.6791,-0.88131,-1.7055,-1.3016,-0.23613,-1.2007
1.2866,1.6973,-0.87608,-1.6927,-1.2728,-0.25507,-1.1927
1.2766,1.9741,-0.87064,-1.6816,-1.2442,-0.27439,-1.1848
1.2674,1.9933,-0.86669,-1.675,-1.2153,-0.29409,-1.1769
1.2586,2.313,-0.86387,-1.6705,-1.1864,-0.31417,-1.169
1.2498,2.6294,-0.86495,-1.6639,-1.1583,-0.33463,-1.1611
1.2411,2.3081,-0.86791,-1.6564,-1.1304,-0.35544,-1.1532
1.2329,2.0213,-0.87007,-1.6527,-1.1016,-0.37661,-1.1453
1.2248,2.0404,-0.87265,-1.6473,-1.0731,-0.39812,-1.1374
1.217,2.0355,-0.87645,-1.6359,-1.0444,-0.41998,-1.1295
1.2089,1.7451,-0.88095,-1.6225,-1.0165,-0.44216,-1.1217
1.199,1.7337,-0.88576,-1.5877,-0.99266,-0.46466,-1.1138
1.1882,1.7564,-0.89099,-1.5474,-0.97046,-0.48748,-1.1059
1.1772,1.7948,-0.8964,-1.5415,-0.94872,-0.51059,-1.098
1.1658,1.8108,-0.90212,-1.5448,-0.92718,-0.534,-1.0902
1.1545,1.8329,-0.90841,-1.5316,-0.90349,-0.55768,-1.0823
1.1432,1.5993,-0.91524,-1.5134,-0.87893,-0.58163,-1.0745
1.1315,1.6039,-0.92182,-1.4945,-0.85449,-0.60583,-1.0666
1.1199,1.3051,-0.92852,-1.4742,-0.83034,-0.63028,-1.0588
1.1088,1.3527,-0.93781,-1.4471,-0.80407,-0.65496,-1.0509
1.0978,1.6926,-0.9482,-1.4182,-0.77763,-0.67985,-1.0431
1.087,1.702,-0.95515,-1.3964,-0.75753,-0.70494,-1.0353
1.0762,1.0723,-0.9619,-1.3762,-0.73935,-0.73023,-1.0275
1.0652,0.82758,-0.97288,-1.3577,-0.71778,-0.75569,-1.0196
1.0541,0.50511,-0.98317,-1.3394,-0.69531,-0.78131,-1.0118
1.043,0.86018,-1.0006,-1.3136,-0.67341,-0.80708,-1.004
1.032,0.56781,-1.0082,-1.2854,-0.65209,-0.83297,-0.99621
1.0216,0.59873,-1.0118,-1.2598,-0.62806,-0.85898,-0.98842
1.0113,0.60033,-1.0259,-1.2354,-0.60328,-0.88509,-0.98062
1.0011,0.62782,-1.0394,-1.2087,-0.58812,-0.91129,-0.97284
0.99099,0.65422,-1.0483,-1.183,-0.57786,-0.93755,-0.96505
0.98089,0.66455,-1.0489,-1.1653,-0.55049,-0.96386,-0.95728
0.97076,0.67769,-1.0468,-1.1509,-0.53381,-0.9902,-0.9495
0.96068,0.65521,-1.056,-1.1387,-0.51889,-1.0166,-0.94174
0.95051,0.68619,-1.069,-1.1269,-0.50643,-1.0429,-0.93398
0.93991,0.70645,-1.0775,-1.114,-0.49082,-1.0693,-0.92622
0.92906,1.0118,-1.0861,-1.0989,-0.47412,-1.0956,-0.91847
0.91813,1.3179,-1.0993,-1.0789,-0.45543,-1.1218,-0.91073
0.90706,1.3315,-1.1674,-1.0548,-0.43739,-1.148,-0.90299
0.89582,1.3719,-1.2294,-1.0245,-0.41403,-1.1741,-0.89525
0.88448,1.355,-1.2478,-0.98905,-0.39215,-1.2001,-0.88753
0.87297,1.3541,-1.2622,-0.95102,-0.38704,-1.226,-0.8798
0.86135,1.3401,-1.2648,-0.90946,-0.39011,-1.2517,-0.87208
0.84988,1.3475,-1.2752,-0.85933,-0.39558,-1.2773,-0.86437
0.8384,1.3227,-1.2851,-0.80718,-0.40483,-1.3027,-0.85667
0.82669,1.2988,-1.2889,-0.75169,-0.4201,-1.3279,-0.84897
0.81487,1.0185,-1.2898,-0.69773,-0.43869,-1.3529,-0.84127
0.80314,0.97115,-1.294,-0.66252,-0.45558,-1.3776,-0.83358
0.79126,0.96941,-1.2981,-0.63568,-0.47216,-1.4022,-0.8259
0.77936,0.65073,-1.295,-0.60877,-0.49286,-1.4264,-0.81822
0.76721,0.61301,-1.2867,-0.58466,-0.51458,-1.4504,-0.81055
0.75407,0.31454,-1.2876,-0.56509,-0.52649,-1.474,-0.80288
0.74041,0.2864,-1.2796,-0.54838,-0.54534,-1.4974,-0.79522
0.72655,0.2666,-1.2607,-0.531,-0.5501,-1.5204,-0.78756
0.71243,0.2648,-1.2122,-0.51405,-0.61876,-1.543,-0.77991
0.69816,0.53477,-1.1284,-0.5021,-0.65037,-1.5653,-0.77227
0.68377,0.48999,-1.1205,-0.49028,-0.67346,-1.5872,-0.76463
0.66916,0.52386,-1.1009,-0.47494,-0.69317,-1.6087,-0.757
0.65448,0.47112,-1.0883,-0.45591,-0.708,-1.6297,-0.74937
0.64015,0.75797,-1.0618,-0.42955,-0.71792,-1.6504,-0.74175
0.62592,0.76181,-1.0325,-0.40002,-0.72311,-1.6706,-0.73414
0.61171,0.69794,-1.0174,-0.35852,-0.72598,-1.6903,-0.72653
0.59749,0.38074,-1.0052,-0.31485,-0.72586,-1.7095,-0.71893
0.58312,0.3434,-0.98322,-0.2887,-0.71624,-1.7282,-0.71133
0.56869,0.3549,-0.95908,-0.26974,-0.7023,-1.7464,-0.70374
0.55423,0.30269,-0.93072,-0.25186,-0.69464,-1.7641,-0.69615
0.53975,0.27743,-0.90405,-0.23759,-0.68711,-1.7812,-0.68857
0.52539,0.26919,-0.88477,-0.22638,-0.6737,-1.7978,-0.681
0.51105,0.53439,-0.8656,-0.21774,-0.6569,-1.8138,-0.67343
0.49672,0.53548,-0.84125,-0.21675,-0.64009,-1.8292,-0.66587
0.48239,0.50175,-0.80715,-0.21909,-0.61794,-1.844,-0.65832
0.46798,0.49071,-0.76908,-0.21433,-0.5958,-1.8582,-0.65077
0.45355,0.47166,-0.73202,-0.20828,-0.56901,-1.8717,-0.64323
0.43908,0.45577,-0.61482,-0.20931,-0.50667,-1.8847,-0.63569
0.4246,0.41507,-0.53558,-0.21238,-0.43103,-1.8969,-0.62816
0.41012,0.34566,-0.47028,-0.21135,-0.37727,-1.9085,-0.62064
0.39563,0.30527,-0.40729,-0.20888,-0.31206,-1.9195,-0.61312
0.38109,-0.031287,-0.36065,-0.20982,-0.26813,-1.9297,-0.6056
0.36652,-0.066882,-0.30257,-0.21186,-0.22747,-1.9392,-0.5981
0.35191,-0.1501,0.0052387,-0.20482,0.0045815,-1.9481,-0.5906
0.33725,-0.16832,0.057403,-0.19775,0.051135,-1.9562,-0.5831
0.32256,-0.26218,0.12113,-0.19873,0.092625,-1.9636,-0.57562
0.30781,-0.25576,0.18424,-0.20422,0.13057,-1.9702,-0.56814
0.29289,-0.29846,0.25664,-0.22463,0.16389,-1.9761,-0.56066
0.27787,0.3029,0.3298,-0.24949,0.19441,-1.9813,-0.55319
0.26272,0.5579,0.39138,-0.26898,0.23084,-1.9857,-0.54573
0.2475,0.51774,0.44655,-0.28441,0.26673,-1.9893,-0.53827
0.23238,0.53713,0.49922,-0.2916,0.297,-1.9921,-0.53082
0.21721,0.47372,0.54643,-0.29102,0.32291,-1.9942,-0.52338
0.20204,0.75377,0.5849,-0.28295,0.3419,-1.9955,-0.51594
0.18678,0.74007,0.61735,-0.26632,0.35474,-1.996,-0.50851
0.17111,0.7334,0.63916,-0.23682,0.36512,-1.9956,-0.50108
0.15524,0.998,0.65797,-0.19868,0.36425,-1.9945,-0.49366
0.13934,0.69851,0.67585,-0.14937,0.36548,-1.9926,-0.48625
0.12337,0.69836,0.69512,-0.093529,0.347,-1.9898,-0.47884
0.10734,0.65656,0.73548,-0.041765,0.28301,-1.9862,-0.47144
0.09132,0.6688,0.78277,0.0098326,0.0814,-1.9818,-0.46405
0.075245,0.65844,0.82355,0.069005,0.057834,-1.9766,-0.45666
0.059228,0.65391,0.86291,0.1294,0.066411,-1.9706,-0.44928
0.043583,0.6578,0.89811,0.17992,0.052515,-1.9637,-0.44191
0.028127,0.66084,0.9314,0.22597,0.037059,-1.956,-0.43454
0.012751,0.67815,0.96601,0.27392,0.019981,-1.9475,-0.42718
-0.002516,0.67852,1.0008,0.31895,0.0011373,-1.9381,-0.41982
-0.0177,0.65514,1.0338,0.35854,-0.018874,-1.9279,-0.41247
-0.032807,0.66485,1.0654,0.39285,-0.040994,-1.9169,-0.40513
-0.047787,0.38704,1.1025,0.41722,-0.065519,-1.9051,-0.39779
-0.062686,0.41226,1.142,0.43524,-0.090056,-1.8924,-0.39046
-0.077638,0.38327,1.164,0.44876,-0.12588,-1.8789,-0.38314
-0.092554,0.40447,1.197,0.45797,-0.15344,-1.8646,-0.37582
-0.10734,0.41141,1.2233,0.46571,-0.17888,-1.8495,-0.36851
-0.12204,0.41826,1.4,0.47164,-0.12318,-1.8335,-0.36121
-0.13666,0.44131,1.4392,0.47086,-0.13584,-1.8168,-0.35391
-0.15115,0.43406,1.4622,0.46925,-0.15459,-1.7993,-0.34662
-0.16555,0.42289,1.496,0.47164,-0.16918,-1.7809,-0.33933
-0.17978,0.13884,1.5285,0.47695,-0.18247,-1.7618,-0.33205
-0.19365,0.1391,1.557,0.49373,-0.19624,-1.7419,-0.32478
-0.20727,0.17163,1.5792,0.51559,-0.20499,-1.7212,-0.31752
-0.22073,0.20586,1.6023,0.53389,-0.21351,-1.6997,-0.31026
-0.234,0.19563,1.6232,0.55254,-0.21842,-1.6775,-0.303
-0.24708,0.18672,1.6015,0.57468,-0.18206,-1.6545,-0.29576
-0.26001,0.22299,1.5687,0.59722,-0.1231,-1.6308,-0.28852
-0.27274,-0.38687,1.5818,0.62157,-0.12294,-1.6063,-0.28128
-0.28531,-0.68435,1.6081,0.64448,-0.13929,-1.5812,-0.27406
-0.29784,-0.71273,1.6225,0.65977,-0.14423,-1.5553,-0.26684
-0.31025,-0.6671,1.6344,0.67068,-0.14948,-1.5287,-0.25962
-0.32248,-0.61137,1.6486,0.67474,-0.1617,-1.5014,-0.25242
-0.33455,-0.62638,1.6601,0.67564,-0.17664,-1.4735,-0.24522
-0.34648,-0.27667,1.6639,0.67635,-0.18768,-1.4448,-0.23802
-0.35823,-0.57072,1.6632,0.6767,-0.19825,-1.4156,-0.23083
-0.36982,-0.51774,1.6493,0.68197,-0.21334,-1.3857,-0.22365
-0.38121,-0.50746,1.6309,0.68909,-0.2296,-1.3552,-0.21648
-0.39223,-0.52071,1.6227,0.69296,-0.24338,-1.324,-0.20931
-0.40298,-0.50522,1.6168,0.69714,-0.25707,-1.2923,-0.20215
-0.41353,-0.77762,1.6117,0.70416,-0.2687,-1.26,-0.19499
-0.42387,-0.73924,1.6063,0.7132,-0.28074,-1.2272,-0.18784
-0.434,-0.75816,1.5963,0.72663,-0.29906,-1.1938,-0.1807
-0.44394,-0.72785,1.5839,0.74272,-0.32015,-1.1599,-0.17357
-0.45366,-0.70837,1.5704,0.75866,-0.34226,-1.1255,-0.16644
-0.4632,-0.68727,1.555,0.77564,-0.3652,-1.0906,-0.15932
-0.47266,-0.67305,1.5375,0.79622,-0.38908,-1.0552,-0.1522
-0.48197,-0.68377,1.5173,0.81872,-0.41295,-1.0194,-0.14509
-0.49109,-0.68813,1.4957,0.83918,-0.43439,-0.98319,-0.13799
-0.50003,-0.65082,1.4703,0.86194,-0.45463,-0.94655,-0.13089
-0.50882,-0.95036,1.4393,0.88424,-0.47396,-0.90953,-0.1238
-0.51741,-0.9587,1.399,0.9093,-0.49113,-0.87215,-0.11672
-0.52584,-0.96578,1.3575,0.95489,-0.51103,-0.83442,-0.10964
-0.53408,-1.2579,1.2966,1.0071,-0.52517,-0.79638,-0.10257
-0.542,-1.2834,1.2184,1.0535,-0.53542,-0.75803,-0.095508
-0.54968,-1.2759,1.0948,1.0966,-0.54533,-0.71942,-0.088452
-0.55717,-1.2774,0.91957,1.1354,-0.4945,-0.68055,-0.081401
-0.56447,-1.2747,0.84566,1.1691,-0.4736,-0.64146,-0.074357
-0.57159,-1.2772,0.7843,1.1898,-0.44871,-0.60217,-0.06732
-0.57854,-1.2807,0.72643,1.2034,-0.42852,-0.5627,-0.06029
-0.5853,-1.2793,0.661,1.2146,-0.40444,-0.52307,-0.053265
-0.59189,-1.277,-0.57241,1.2228,-0.37937,-0.48331,-0.046248
-0.59836,-1.2808,-0.62046,1.2283,-0.35225,-0.44345,-0.039237
-0.60467,-1.2861,-0.67607,1.2329,-0.32458,-0.40351,-0.032232
-0.61082,-1.2913,-0.71544,1.2355,-0.29334,-0.36351,-0.025235
-0.61682,-1.2961,-0.74842,1.2388,-0.2623,-0.32348,-0.018243
-0.62266,-1.2966,-0.7693,1.2498,-0.23786,-0.28345,-0.011259
-0.62834,-1.2958,-0.77614,1.2651,-0.21703,-0.24345,-0.0042803
-0.63387,-1.2928,-0.80337,1.2813,-0.19973,-0.20349,0.0026913
-0.63926,-1.2891,-0.78899,1.2999,-0.18537,-0.1636,0.0096564
-0.64451,-1.2913,-0.77701,1.3237,-0.17309,-0.12382,0.016615
-0.64962,-1.2958,-0.77657,1.3497,-0.16464,-0.084159,0.023567
-0.65459,-1.2959,-0.77393,1.3767,-0.15374,-0.04465,0.030512
-0.65942,-1.2958,-0.75138,1.4036,-0.14543,-0.0053185,0.037451
-0.66413,-1.3026,-0.71641,1.4278,-0.15702,0.03381,0.044384
-0.66871,-1.3059,-0.70865,1.4497,-0.17539,0.072711,0.051309
-0.67317,-1.3236,0.482,1.4694,-0.19017,0.11136,0.058229
-0.67749,-1.3226,0.50408,1.4861,-0.20361,0.14973,0.065141
-0.68166,-1.2938,0.53702,1.4984,-0.21079,0.18779,0.072047
-0.68569,-1.2965,0.55842,1.5061,-0.21396,0.22552,0.078947
-0.6896,-1.0057,0.57716,1.5107,-0.21498,0.26291,0.08584
-0.69339,-1.013,0.59511,1.5106,-0.21125,0.29991,0.092726
-0.69706,-0.98629,0.61896,1.4999,-0.20639,0.33651,0.099606
-0.70061,-0.99187,0.64728,1.4816,-0.19725,0.37269,0.10648
-0.70403,-0.95269,0.69006,1.4635,-0.16826,0.40842,0.11335
-0.70736,-0.95137,0.73429,1.4425,-0.1316,0.44367,0.12021
-0.71067,-0.64852,0.79007,1.4019,-0.098814,0.47843,0.12706
-0.7139,-0.64843,0.83855,1.3544,-0.066821,0.51268,0.13391
-0.71704,-0.61713,-0.28639,1.3254,-0.036918,0.54639,0.14075
-0.7201,-0.64268,-0.23466,1.3001,-0.0090719,0.57954,0.14758
-0.72305,-0.63409,-0.18075,1.2617,0.013724,0.61211,0.15441
-0.7259,-0.62531,-1.3061,1.2206,0.033584,0.64409,0.16123
-0.72867,-0.62872,-1.2533,1.1793,0.052741,0.67544,0.16805
-0.73134,-0.63556,-1.2108,1.1388,0.071744,0.70617,0.17485
-0.73391,-0.61901,-1.1655,1.1112,0.085516,0.73623,0.18166
-0.73639,-0.59063,-1.1157,1.089,0.10138,0.76563,0.18845
-0.73877,-0.59633,-1.0872,1.0595,0.12391,0.79433,0.19524
-0.74106,-0.57303,-1.0549,1.0316,0.14048,0.82234,0.20202
-0.74327,-0.55444,-1.1245,1.0107,0.20821,0.84962,0.2088
-0.74539,-0.28053,-1.1041,0.99565,0.21378,0.87617,0.21557
-0.74743,-0.21591,-1.1136,0.99252,0.24107,0.90198,0.22233
-0.74938,-0.2245,-1.1093,0.99771,0.25858,0.92703,0.22909
-0.75122,-0.24951,-2.3112,1.0044,0.27191,0.9513,0.23584
-0.75297,-0.22182,-2.324,1.0142,0.27742,0.97479,0.24258
-0.75463,-0.8662,-2.3474,1.0418,0.26855,0.99749,0.24932
-0.75621,-0.87754,-2.3632,1.0743,0.24113,1.0194,0.25605
-0.75772,-1.1568,-2.3709,1.089,0.22693,1.0405,0.26277
-0.75915,-1.1538,-2.392,1.0979,0.22125,1.0607,0.26949
-0.7605,-0.83273,-1.1194,1.1076,0.069008,1.0802,0.2762
-0.76177,-0.82298,-1.1295,1.1161,0.087554,1.0988,0.2829
-0.76297,-0.78232,-1.1456,1.1246,0.068511,1.1166,0.2896
-0.76408,-0.82142,-1.1554,1.1329,0.073512,1.1335,0.29629
-0.76513,-0.82739,-1.1706,1.1397,0.047153,1.1496,0.30298
-0.76612,-0.79451,-1.1374,1.1449,0.017921,1.1649,0.30965
-0.76702,-1.0786,-1.1278,1.1552,0.0041564,1.1793,0.31633
-0.76786,-1.0677,-1.1447,1.1655,-0.0039717,1.1929,0.32299
-0.76864,-1.0797,-1.1393,1.1621,-0.0037491,1.2056,0.32965
-0.76935,-1.0358,-1.1341,1.1537,0.00040762,1.2174,0.3363
-0.77005,-1.0426,-1.141,1.1525,-0.0048167,1.2285,0.34295
-0.7707,-1.0536,-1.1524,1.1517,-0.011573,1.2387,0.34959
-0.77131,-1.0528,-1.1689,1.1443,-0.012672,1.248,0.35622
-0.77186,-1.0483,-1.1875,1.1338,-0.012401,1.2566,0.36285
-0.77235,-1.0445,-1.1986,1.1233,-0.0088183,1.2643,0.36947
-0.7728,-1.04,-1.2098,1.1094,-0.0034879,1.2712,0.37609
-0.77319,-1.0332,-1.2178,1.0969,-0.0084501,1.2772,0.38269
-0.77353,-1.0259,-0.036652,1.0806,-0.006119,1.2825,0.38929
-0.77381,-1.0212,-0.072949,1.0455,-0.011856,1.287,0.39589
-0.77404,-1.0177,0.85224,1.0006,0.063771,1.2907,0.40248
-0.77422,-1.0135,0.84026,0.9581,0.059942,1.2937,0.40906
-0.77435,-1.0092,0.72175,0.91754,0.053954,1.2958,0.41564
-0.77444,-1.0093,0.58378,0.85207,0.041733,1.2973,0.42221
-0.77448,-1.0112,0.52527,0.81091,0.082535,1.298,0.42877
-0.77448,-1.004,0.48533,0.76252,0.088116,1.298,0.43533
-0.77443,-0.99149,0.46003,0.71878,0.091329,1.2972,0.44188
-0.77433,-0.99877,0.42447,0.67194,0.085308,1.2958,0.44842
-0.77418,-0.98992,0.38859,0.62866,0.07445,1.2937,0.45496
-0.774,-0.9825,0.34981,0.59685,0.065987,1.291,0.46149
-0.77377,-1.0161,0.31288,0.57461,0.057598,1.2876,0.46801
-0.77351,-0.72328,0.27478,0.55873,0.038377,1.2836,0.47453
-0.7732,-0.72813,0.25628,0.55107,0.017899,1.279,0.48105
-0.77286,-0.70261,0.22234,0.56547,0.011113,1.2738,0.48755
-0.77248,-0.73396,0.18598,0.58999,0.010954,1.268,0.49405
-0.77207,-0.73719,0.14836,0.6124,0.013269,1.2616,0.50054
-0.77163,-0.74363,0.095969,0.63473,0.019685,1.2548,0.50703
-0.77115,-0.75879,0.067504,0.65941,0.033495,1.2474,0.51351
-0.77064,-0.77811,0.043973,0.68147,0.051844,1.2395,0.51999
-0.77011,-0.78698,0.012604,0.69154,0.071153,1.2312,0.52645
-0.76954,-0.78765,-0.019642,0.69252,0.093795,1.2224,0.53292
-0.76895,-0.81725,-0.049603,0.68802,0.11661,1.2132,0.53937
-0.76833,-0.81918,-0.077895,0.67472,0.14339,1.2036,0.54582
-0.76766,-0.81282,-0.1027,0.64499,0.18037,1.1936,0.55226
-0.76697,-0.53484,-0.12513,0.60357,0.22349,1.1832,0.5587
-0.76625,-0.53883,-0.14519,0.55371,0.27676,1.1724,0.56513
-0.76551,-0.56017,-0.16298,0.49499,0.33423,1.1614,0.57156
-0.76474,-0.52995,-0.18072,0.42674,0.38964,1.15,0.57797
-0.76395,-0.53002,-0.19556,0.35041,0.44453,1.1384,0.58439
-0.76313,-0.2432,-0.20865,0.26878,0.4923,1.1265,0.59079
-0.7623,-0.27232,-0.21773,0.18216,0.53724,1.1144,0.59719
-0.76146,-0.2117,-0.21354,0.085539,0.58644,1.1021,0.60358
-0.76061,-0.2323,-0.20218,-0.014242,0.63491,1.0895,0.60997
-0.75975,0.058675,-0.18966,-0.11133,0.68147,1.0768,0.61635
-0.75887,0.035462,-0.17456,-0.20337,0.72901,1.064,0.62273
-0.75798,0.071269,-0.15267,-0.29212,0.75857,1.051,0.62909
-0.75708,0.065757,-0.12836,-0.37021,0.82571,1.0379,0.63546
-0.75617,0.016836,-0.10945,-0.42708,0.83464,1.0247,0.64181
-0.75526,0.025523,-0.09518,-0.46484,0.83072,1.0115,0.64816
-0.75431,0.019834,-0.072956,-0.47852,0.8372,0.99817,0.65451
-0.75335,0.66108,-0.047567,-0.47212,0.8425,0.98485,0.66084
-0.75239,0.61612,-0.021247,-0.44051,0.84374,0.97152,0.66717
-0.75141,0.29181,0.0075989,-0.39132,0.84075,0.95819,0.6735
-0.75044,-0.019669,0.042936,-0.33252,0.82946,0.9449,0.67982
-0.74948,-0.034191,0.081226,-0.2643,0.8126,0.93166,0.68613
-0.74851,-0.067407,0.12276,-0.18813,0.78967,0.91848,0.69244
-0.74755,-0.048161,0.16542,-0.10728,0.76282,0.90539,0.69874
-0.74656,-0.041377,0.2028,-0.024534,0.73402,0.8924,0.70503
-0.74558,-0.060524,0.24043,0.057903,0.70173,0.87953,0.71132
-0.7446,-0.099825,0.27358,0.13551,0.67516,0.86679,0.7176
-0.74364,-0.38713,0.30882,0.20838,0.64854,0.8542,0.72388
-0.74267,-0.40869,0.36199,0.27463,0.59894,0.84178,0.73015
-0.74171,-0.72612,0.41384,0.33452,0.55177,0.82954,0.73641
-0.74075,-1.0142,0.49406,0.38487,0.50104,0.81749,0.74267
-0.73982,-1.3823,0.52648,0.42818,0.50714,0.80565,0.74892
-0.73896,-1.0757,0.56715,0.466,0.49163,0.79404,0.75517
-0.73814,-1.0748,0.59189,0.49822,0.48233,0.78266,0.76141
-0.73735,-1.0514,0.77896,0.5268,0.47171,0.77153,0.76764
-0.73658,-1.0878,0.79303,0.55139,0.46382,0.76066,0.77387
-0.73582,-1.076,0.81757,0.56809,0.4621,0.75005,0.78009
-0.73509,-1.0619,0.82991,0.58018,0.46416,0.73973,0.78631
-0.73438,-1.0657,0.84448,0.595,0.47106,0.7297,0.79251
-0.73369,-1.0785,0.85733,0.60785,0.48108,0.71997,0.79872
-0.73304,-1.0763,0.86901,0.61566,0.48914,0.71055,0.80492
-0.73241,-1.0931,0.87988,0.61983,0.498,0.70145,0.81111
-0.73181,-1.1035,0.89632,0.61656,0.51113,0.69267,0.81729
-0.73123,-1.0733,0.91415,0.60905,0.52683,0.68422,0.82347
-0.73069,-1.3732,0.92507,0.60346,0.54161,0.67611,0.82964
-0.73017,-1.37,0.93441,0.59658,0.5576,0.66835,0.83581
-0.72968,-1.424,0.94744,0.58462,0.5796,0.66093,0.84197
-0.72921,-1.3932,0.96259,0.57002,0.60439,0.65386,0.84813
-0.72872,-1.3811,0.97684,0.55496,0.62824,0.64716,0.85428
-0.72825,-1.0886,0.99172,0.53877,0.65373,0.64081,0.86042
-0.72779,-1.0835,1.0171,0.52092,0.67899,0.63483,0.86656
-0.72735,-1.0951,1.0312,0.50195,0.71442,0.62921,0.87269
-0.72698,-1.0501,1.0697,0.48316,0.73938,0.62396,0.87881
-0.72663,-1.0341,1.1287,0.4635,0.81301,0.61907,0.88493
-0.72633,-0.73156,1.1576,0.44325,0.87865,0.61455,0.89105
-0.72605,-0.74642,1.1793,0.42163,0.91655,0.6104,0.89716
-0.72575,-0.67601,1.1879,0.39682,0.95407,0.60662,0.90326
-0.72546,-0.68704,1.2022,0.36975,0.98407,0.6032,0.90935
-0.72522,-0.38033,1.2162,0.3405,1.0092,0.60015,0.91544
-0.72502,-0.37937,1.2308,0.30865,1.031,0.59745,0.92153
-0.72482,-0.33384,1.2424,0.27673,1.054,0.59511,0.92761
-0.72467,-0.34269,1.253,0.24377,1.0783,0.59312,0.93368
-0.72454,-0.33307,1.2637,0.20034,1.0996,0.59149,0.93974
-0.72447,-0.32324,1.2734,0.15363,1.1215,0.59019,0.94581
-0.72462,-0.3329,1.2843,0.11779,1.1611,0.58923,0.95186
-0.72489,-0.3129,1.2948,0.084501,1.205,0.58861,0.95791
-0.72523,-0.28981,1.2978,0.045854,1.2399,0.58831,0.96395
-0.72564,-0.00074255,1.298,0.0061912,1.2769,0.58833,0.96999
-0.72609,0.026847,1.3034,-0.034435,1.2899,0.58866,0.97602
-0.72659,0.019407,1.3091,-0.074355,1.338,0.5893,0.98205
-0.72715,0.033518,1.3103,-0.11141,1.3664,0.59023,0.98807
-0.72776,0.046854,1.3088,-0.14566,1.3945,0.59145,0.99408
-0.72838,0.052327,1.3076,-0.17536,1.4181,0.59294,1.0001
-0.72903,0.054786,1.3038,-0.19879,1.4388,0.59471,1.0061
-0.72971,0.062892,1.2947,-0.22424,1.4594,0.59673,1.0121
-0.73042,0.076144,1.2812,-0.24388,1.4771,0.59899,1.0181
-0.73119,0.073842,1.2602,-0.23564,1.4895,0.6015,1.0241
-0.732,0.08631,1.2344,-0.21606,1.4975,0.60422,1.03
-0.73284,0.11277,1.2074,-0.19086,1.4973,0.60717,1.036
-0.73371,0.072366,1.178,-0.1627,1.4922,0.61031,1.042
-0.73458,0.37984,1.1452,-0.14867,1.4857,0.61364,1.0479
-0.73548,0.3896,1.1102,-0.13781,1.4769,0.61716,1.0539
-0.7364,0.095031,1.073,-0.12709,1.4645,0.62083,1.0599
-0.73735,0.10379,1.0344,-0.11518,1.4502,0.62466,1.0658
-0.73832,0.060848,0.99542,-0.091973,1.4367,0.62863,1.0717
-0.73932,0.068503,0.95619,-0.063298,1.423,0.63272,1.0777
-0.74034,0.057687,0.91836,-0.035667,1.4097,0.63693,1.0836
-0.74138,0.051859,0.88085,-0.0058898,1.3962,0.64124,1.0895
-0.74246,0.047001,0.84392,0.029899,1.3805,0.64563,1.0954
-0.74357,0.042797,0.80759,0.06867,1.3641,0.65009,1.1013
-0.7447,0.038275,0.76777,0.10913,1.3489,0.65461,1.1073
-0.74585,0.03255,0.7285,0.1509,1.3342,0.65917,1.1131
-0.74703,0.021215,0.69349,0.19106,1.3186,0.66376,1.119
-0.74822,0.0080302,0.66191,0.23063,1.303,0.66837,1.1249
-0.74943,-0.0094288,0.63654,0.27274,1.289,0.67298,1.1308
-0.75066,-0.028517,0.61548,0.31487,1.2759,0.67758,1.1367
-0.75188,-0.035586,0.59735,0.35225,1.2622,0.68215,1.1426
-0.75311,-0.039475,0.58294,0.38748,1.2494,0.68668,1.1484
-0.75435,-0.055568,0.57025,0.42315,1.2372,0.69116,1.1543
-0.7556,-0.077899,0.56101,0.45848,1.2267,0.69556,1.1601
-0.75687,-0.085853,0.55914,0.49028,1.2194,0.69989,1.166
-0.75815,-0.11537,0.55632,0.5205,1.2141,0.70412,1.1718
-0.75944,-0.12855,0.57059,0.55696,1.2131,0.70825,1.1777
-0.76074,-0.12578,0.56031,0.59413,1.214,0.71225,1.1835
-0.76205,-0.43293,0.55111,0.62322,1.2119,0.71612,1.1893
-0.76337,-0.47045,0.53735,0.64943,1.2098,0.71985,1.1951
-0.76469,-0.78278,0.52158,0.67566,1.2079,0.72342,1.201
-0.76603,-0.8044,0.50545,0.70132,1.2067,0.72681,1.2068
-0.76737,-0.5025,0.49852,0.72775,1.2109,0.73003,1.2126
-0.76872,-0.49572,0.49461,0.7546,1.2173,0.73306,1.2184
-0.77008,-0.51892,0.49167,0.78089,1.2211,0.73588,1.2242
-0.77144,-0.52589,0.49226,0.80602,1.2249,0.73849,1.23
-0.77283,-0.84354,0.48064,0.83697,1.2312,0.74088,1.2357
-0.77422,-0.50718,0.48653,0.86747,1.2382,0.74303,1.2415
-0.77563,-0.54295,0.48453,0.88423,1.2462,0.74495,1.2473
-0.77704,-0.52934,0.48389,0.89258,1.2541,0.74661,1.2531
-0.77845,-0.51546,0.48535,0.9069,1.2588,0.74802,1.2588
-0.77986,-0.2245,0.48786,0.91799,1.2623,0.74916,1.2646
-0.78127,-0.22119,0.48903,0.8995,1.2639,0.75003,1.2703
-0.78268,-0.2211,0.49027,0.87029,1.2651,0.75062,1.2761
-0.78411,-0.21203,0.49189,0.85184,1.269,0.75092,1.2818
-0.78554,0.047813,0.49405,0.83608,1.274,0.75094,1.2875
-0.78696,0.10545,0.49792,0.81608,1.2803,0.75066,1.2933
-0.78839,0.090448,0.50284,0.79891,1.2876,0.75009,1.299
-0.78981,0.059087,0.50791,0.78998,1.293,0.74921,1.3047
-0.79124,0.060318,0.51359,0.78597,1.2983,0.74803,1.3104
-0.79266,-0.57256,0.52081,0.80305,1.3083,0.74655,1.3161
-0.79407,-0.88917,0.52888,0.82653,1.3199,0.74475,1.3218
-0.79545,-0.9501,0.5371,0.83254,1.329,0.74265,1.3275
-0.79679,-0.92407,0.54622,0.8328,1.3379,0.74024,1.3332
-0.79813,-0.9202,0.55454,0.83328,1.348,0.73752,1.3389
-0.79945,-0.9065,0.5636,0.83144,1.3587,0.7345,1.3446
-0.80076,-0.90981,0.57814,0.82721,1.3705,0.73117,1.3502
-0.80207,-0.91712,0.59488,0.82054,1.3831,0.72754,1.3559
-0.80336,-0.92285,0.61084,0.81035,1.3934,0.72361,1.3616
-0.80464,-0.92868,0.62735,0.79739,1.4029,0.71939,1.3672
-0.80591,-0.93516,0.64311,0.78313,1.4191,0.71488,1.3729
-0.80718,-0.94203,0.65934,0.76612,1.4369,0.71009,1.3785
-0.80843,-0.94525,0.67822,0.74735,1.4461,0.70501,1.3842
-0.80967,-0.94703,0.69805,0.72642,1.4522,0.69967,1.3898
-0.81089,-0.95608,0.72014,0.69513,1.4649,0.69407,1.3954
-0.81211,-0.96603,0.74313,0.66059,1.4791,0.68821,1.401
-0.8133,-0.96681,0.76105,0.63226,1.4822,0.6821,1.4067
-0.81449,-0.95967,0.77605,0.60718,1.4841,0.67576,1.4123
-0.81569,-0.96288,0.80007,0.58095,1.4938,0.66919,1.4179
-0.81689,-0.94495,0.81823,0.5577,1.5268,0.66241,1.4235
-0.81808,-0.922,0.83129,0.54557,1.5242,0.65542,1.4291
-0.81926,-0.93628,0.85681,0.53909,1.5243,0.64824,1.4347
-0.82042,-0.62849,0.76881,0.53827,1.4613,0.64089,1.4403
-0.82158,-0.61846,0.78559,0.54101,1.4709,0.63337,1.4459
-0.82272,-0.57253,0.79224,0.53998,1.4585,0.6257,1.4514
-0.82385,-0.5868,0.80521,0.53926,1.4436,0.61789,1.457
-0.82494,-0.55471,0.90254,0.54232,1.4989,0.60996,1.4626
-0.826,-0.55537,0.91459,0.54632,1.4819,0.60193,1.4681
-0.82705,-0.56193,0.92781,0.5545,1.4757,0.59381,1.4737
-0.82807,-0.83651,0.92209,0.56344,1.4573,0.58562,1.4792
-0.82908,-0.83485,0.91491,0.56234,1.4452,0.57737,1.4848
-0.83008,-0.80034,0.90352,0.55775,1.4315,0.56908,1.4903
-0.83104,-0.77356,0.90562,0.55829,1.4211,0.56078,1.4959
-0.83199,-0.76587,0.91026,0.56113,1.411,0.55248,1.5014
-0.83294,-0.78591,0.90627,0.55532,1.3856,0.54419,1.5069
-0.83387,-0.77031,0.88957,0.54974,1.3559,0.53595,1.5124
-0.8348,-1.0638,0.89422,0.5621,1.3406,0.52776,1.518
-0.83571,-1.0535,0.90297,0.5817,1.3287,0.51965,1.5235
-0.83655,-1.0379,0.90635,0.60106,1.3116,0.51164,1.529
-0.83737,-1.3176,0.91195,0.62263,1.2928,0.50375,1.5345
-0.83815,-1.6016,0.90717,0.64482,1.2721,0.49601,1.54
-0.83892,-1.5986,0.92486,0.66821,1.2501,0.48842,1.5455
-0.83974,-1.6228,0.92951,0.69495,1.2269,0.48102,1.551
-0.84057,-1.5922,0.93488,0.72311,1.2035,0.47382,1.5564
-0.84136,-1.5697,0.94491,0.75037,1.1807,0.46686,1.5619
-0.84211,-1.5443,0.95586,0.77703,1.1592,0.46014,1.5674
-0.84289,-1.5301,0.96516,0.80468,1.1389,0.4537,1.5728
-0.84362,-1.5417,0.97316,0.83107,1.1194,0.44755,1.5783
-0.84435,-1.5535,0.97552,0.85348,1.1083,0.44172,1.5838
-0.84501,-1.5246,0.97551,0.87161,1.1021,0.43623,1.5892
-0.84544,-1.8213,0.97582,0.88756,1.0789,0.43111,1.5946
-0.84575,-1.8216,0.97582,0.8986,1.0547,0.42637,1.6001
